{
  "precision": 0.028669724770642203,
  "recall": 1.0,
  "f1": 0.055741360089186176,
  "roc_auc": 0.5092417683326774
}